<?xml version="1.0" encoding="UTF-8"?>
<enderio:recipes xmlns:enderio="http://enderio.com/recipes" xmlns:xsi="http://www.w3.org/2001/XMLSchema-instance"
  xsi:schemaLocation="http://enderio.com/recipes recipes.xsd ">

  <!-- This is an example a broken spawner crafting recipes. Copy this file into the enderio/config/recipes/user folder to activate it. -->

  <recipe name="Broken Spawner" required="true">
    <crafting>
      <grid size="3x3">
        <item name="enderio:block_dark_iron_bars" /><item name="enderio:block_dark_iron_bars" /><item name="enderio:block_dark_iron_bars" />
        <item name="enderio:block_dark_iron_bars" /><item /><item name="enderio:block_dark_iron_bars" />
        <item name="enderio:block_dark_iron_bars" /><item name="enderio:block_dark_iron_bars" /><item name="enderio:block_dark_iron_bars" />
      </grid>
      <output name="enderio:item_broken_spawner" amount="1" />
    </crafting>
  </recipe>

</enderio:recipes>